Timestamp,VoltageRmsMin,VoltageRmsAvg,VoltageRmsMax,CurrentRmsMin,CurrentRmsAvg,CurrentRmsMax,RealPowerMin,RealPowerAvg,RealPowerMax,ReactivePowerMin,ReactivePowerAvg,ReactivePowerMax,ApparentPowerMin,ApparentPowerAvg,ApparentPowerMax,FrequencyMin,FrequencyAvg,FrequencyMax,RowIndex
2023-06-22 11:04:00,197.2,197.7,198.6,27.047,28.879,29.12,5.364,5.705,5.754,-0.184,-0.169,-0.157,5.37,5.711,5.761,59.989,59.998,60.009,1
2023-06-22 11:05:00,197.4,197.9,198.4,28.685,28.902,29.097,5.675,5.716,5.749,-0.181,-0.168,-0.156,5.681,5.721,5.755,59.989,60.005,60.015,2
2023-06-22 11:06:00,197.4,197.8,198.3,28.673,28.891,29.086,5.669,5.711,5.745,-0.181,-0.169,-0.154,5.674,5.717,5.751,59.997,60.012,60.023,3
2023-06-22 11:07:00,197.2,197.7,198.2,28.627,28.902,29.086,5.665,5.708,5.744,-0.184,-0.169,-0.157,5.671,5.714,5.749,60.012,60.02,60.03,4
2023-06-22 11:08:00,197,197.6,198,28.627,28.902,29.109,5.66,5.706,5.742,-0.179,-0.169,-0.157,5.664,5.712,5.749,59.998,60.008,60.023,5
2023-06-22 11:09:00,197.2,197.7,198.4,28.719,28.914,29.109,5.675,5.711,5.751,-0.18,-0.169,-0.159,5.68,5.717,5.757,59.977,60.005,60.023,6
2023-06-22 11:10:00,196.8,197.5,198,28.708,28.914,29.109,5.669,5.707,5.745,-0.181,-0.169,-0.157,5.676,5.713,5.749,59.995,60.011,60.024,7
2023-06-22 11:11:00,197,197.7,198.3,28.696,28.914,29.109,5.663,5.711,5.751,-0.181,-0.169,-0.157,5.67,5.717,5.756,59.999,60.014,60.025,8
2023-06-22 11:12:00,197,197.6,198.2,28.708,28.925,29.143,5.665,5.712,5.751,-0.181,-0.168,-0.156,5.671,5.718,5.758,59.989,60.005,60.016,9
2023-06-22 11:13:00,197.2,197.6,198.2,28.696,28.914,29.109,5.664,5.71,5.749,-0.181,-0.168,-0.157,5.67,5.716,5.755,59.993,60.006,60.017,10
2023-06-22 11:14:00,196.8,197.6,198.1,28.696,28.914,29.12,5.658,5.707,5.743,-0.179,-0.168,-0.157,5.664,5.713,5.749,60,60.011,60.023,11
2023-06-22 11:15:00,197,197.5,198,28.673,28.902,29.131,5.661,5.703,5.745,-0.178,-0.167,-0.154,5.666,5.709,5.751,59.994,60.008,60.017,12
2023-06-22 11:16:00,197,197.4,197.9,28.673,28.891,29.097,5.662,5.699,5.741,-0.177,-0.167,-0.155,5.668,5.705,5.747,59.982,59.994,60.006,13
2023-06-22 11:17:00,196.8,197.4,198,28.685,28.902,29.109,5.66,5.7,5.741,-0.178,-0.167,-0.154,5.667,5.706,5.747,59.973,59.995,60.015,14
2023-06-22 11:18:00,196.7,197.2,197.8,28.708,28.914,29.109,5.655,5.697,5.735,-0.178,-0.166,-0.155,5.66,5.703,5.742,59.972,59.98,59.991,15
2023-06-22 11:19:00,196.7,197.2,197.8,28.662,28.902,29.143,5.652,5.695,5.74,-0.178,-0.166,-0.154,5.659,5.701,5.745,59.969,59.976,59.985,16
2023-06-22 11:20:00,196.7,197.2,197.7,28.719,28.902,29.109,5.655,5.695,5.739,-0.18,-0.166,-0.155,5.662,5.701,5.745,59.958,59.971,59.983,17
2023-06-22 11:21:00,196.7,197.2,197.6,28.639,28.902,29.097,5.646,5.694,5.727,-0.177,-0.165,-0.153,5.651,5.7,5.732,59.958,59.974,59.982,18
2023-06-22 11:22:00,196.5,197.1,197.8,28.696,28.891,29.086,5.653,5.69,5.732,-0.18,-0.165,-0.155,5.659,5.696,5.737,59.958,59.974,59.984,19
2023-06-22 11:23:00,196.8,197.2,197.8,28.662,28.879,29.063,5.657,5.69,5.728,-0.177,-0.165,-0.155,5.662,5.696,5.734,59.961,59.975,59.987,20
2023-06-22 11:24:00,196.7,197.1,197.7,28.696,28.879,29.097,5.654,5.689,5.732,-0.178,-0.165,-0.153,5.659,5.695,5.739,59.962,59.97,59.977,21
2023-06-22 11:25:00,196.6,197.1,197.6,28.662,28.891,29.086,5.647,5.689,5.722,-0.177,-0.165,-0.154,5.653,5.695,5.728,59.961,59.968,59.979,22
2023-06-22 11:26:00,196.5,197,197.4,28.662,28.891,29.097,5.646,5.687,5.727,-0.175,-0.164,-0.153,5.652,5.693,5.732,59.96,59.967,59.975,23
2023-06-22 11:27:00,196.5,197.1,197.7,28.685,28.891,29.086,5.649,5.688,5.725,-0.177,-0.165,-0.152,5.654,5.694,5.73,59.958,59.972,59.982,24
2023-06-22 11:28:00,196.3,196.8,197.4,28.662,28.891,29.086,5.639,5.682,5.72,-0.175,-0.164,-0.152,5.645,5.688,5.727,59.962,59.98,59.999,25
2023-06-22 11:29:00,196.3,196.7,197.3,28.719,28.902,29.086,5.644,5.683,5.716,-0.175,-0.163,-0.151,5.65,5.689,5.722,59.961,59.974,59.997,26
2023-06-22 11:30:00,196.3,196.7,197.2,28.673,28.902,29.12,5.639,5.683,5.722,-0.176,-0.163,-0.151,5.646,5.689,5.728,59.96,59.972,59.984,27
2023-06-22 11:31:00,196.4,196.8,197.3,28.685,28.902,29.086,5.643,5.684,5.723,-0.175,-0.164,-0.154,5.65,5.69,5.728,59.971,59.981,59.99,28
2023-06-22 11:32:00,196.4,196.7,197.3,28.685,28.914,29.12,5.64,5.685,5.725,-0.174,-0.163,-0.15,5.645,5.691,5.73,59.955,59.97,59.98,29
2023-06-22 11:33:00,196.4,196.8,197.3,28.673,28.902,29.097,5.643,5.683,5.718,-0.176,-0.163,-0.152,5.649,5.689,5.724,59.968,59.987,60.004,30
2023-06-22 11:34:00,196.2,196.6,197.1,28.662,28.902,29.074,5.638,5.677,5.714,-0.176,-0.162,-0.152,5.643,5.683,5.719,59.984,59.996,60.005,31
2023-06-22 11:35:00,196,196.6,197.3,28.65,28.891,29.086,5.635,5.675,5.717,-0.175,-0.162,-0.15,5.64,5.681,5.723,59.981,59.99,59.999,32
2023-06-22 11:36:00,196.1,196.5,197.1,28.696,28.879,29.086,5.638,5.673,5.712,-0.172,-0.162,-0.151,5.643,5.679,5.718,59.978,59.985,59.999,33
2023-06-22 11:37:00,196.1,196.7,197.4,28.65,28.879,29.074,5.633,5.676,5.714,-0.175,-0.163,-0.152,5.637,5.682,5.721,59.988,59.996,60.007,34
2023-06-22 11:38:00,196.3,196.7,197.3,28.673,28.879,29.086,5.634,5.676,5.712,-0.176,-0.163,-0.152,5.641,5.682,5.718,59.98,59.997,60.013,35
2023-06-22 11:39:00,196.1,196.6,197.2,28.605,28.891,29.097,5.641,5.677,5.718,-0.175,-0.162,-0.149,5.646,5.683,5.723,59.988,60.005,60.018,36
2023-06-22 11:40:00,196.1,196.6,197.1,28.673,28.891,29.086,5.635,5.675,5.709,-0.174,-0.162,-0.149,5.639,5.681,5.715,59.978,59.996,60.014,37
2023-06-22 11:41:00,195.9,196.4,197.1,28.662,28.891,29.086,5.623,5.669,5.709,-0.173,-0.162,-0.148,5.627,5.675,5.715,60.002,60.009,60.016,38
2023-06-22 11:42:00,196,196.6,197.2,28.673,28.891,29.086,5.638,5.674,5.711,-0.173,-0.162,-0.149,5.643,5.68,5.717,59.989,60.004,60.016,39
2023-06-22 11:43:00,196,196.5,197.1,28.662,28.879,29.097,5.63,5.67,5.709,-0.174,-0.162,-0.151,5.636,5.676,5.715,59.988,59.999,60.011,40
2023-06-22 11:44:00,195.7,196.4,197.1,28.662,28.891,29.086,5.619,5.671,5.711,-0.173,-0.161,-0.149,5.626,5.677,5.716,59.973,59.981,60.002,41
2023-06-22 11:45:00,196.1,196.6,197.1,28.685,28.902,29.131,5.635,5.677,5.719,-0.173,-0.162,-0.149,5.64,5.683,5.724,59.977,59.986,59.998,42
2023-06-22 11:46:00,196,196.4,197,28.673,28.891,29.109,5.629,5.671,5.714,-0.173,-0.161,-0.15,5.636,5.677,5.719,59.982,59.999,60.011,43
2023-06-22 11:47:00,195.7,196.3,196.8,28.696,28.891,29.074,5.632,5.666,5.701,-0.171,-0.161,-0.148,5.637,5.672,5.708,59.986,60.005,60.017,44
2023-06-22 11:48:00,195.5,196.2,198.7,28.662,28.891,29.12,5.619,5.665,5.751,-0.173,-0.16,-0.15,5.626,5.671,5.757,59.987,60,60.012,45
2023-06-22 11:49:00,198,198.5,199.1,28.685,28.891,29.097,5.691,5.731,5.767,-0.175,-0.164,-0.151,5.697,5.737,5.774,59.984,59.994,60.007,46
2023-06-22 11:50:00,198.1,198.6,199.1,28.685,28.891,29.097,5.694,5.732,5.772,-0.18,-0.164,-0.151,5.7,5.738,5.778,59.986,59.996,60.007,47
2023-06-22 11:51:00,198.1,198.6,199.1,28.685,28.902,29.097,5.691,5.734,5.774,-0.175,-0.164,-0.151,5.697,5.74,5.78,59.979,59.989,60.015,48
2023-06-22 11:52:00,198,198.6,199.1,28.685,28.902,29.131,5.696,5.734,5.77,-0.178,-0.164,-0.153,5.702,5.74,5.777,60,60.008,60.024,49
2023-06-22 11:53:00,198,198.5,199.2,28.696,28.902,29.097,5.696,5.734,5.772,-0.175,-0.164,-0.152,5.701,5.74,5.778,59.994,60.008,60.02,50
2023-06-22 11:54:00,197.9,198.4,199,28.662,28.891,29.086,5.684,5.728,5.764,-0.178,-0.164,-0.151,5.691,5.735,5.769,59.987,59.999,60.012,51
2023-06-22 11:55:00,198,198.6,199.1,28.685,28.891,29.109,5.689,5.732,5.769,-0.177,-0.164,-0.151,5.695,5.738,5.774,59.976,59.993,60.013,52
2023-06-22 11:56:00,198,198.6,199.2,28.696,28.891,29.12,5.69,5.735,5.781,-0.177,-0.164,-0.152,5.696,5.741,5.787,59.993,60.007,60.024,53
2023-06-22 11:57:00,198.4,198.7,199.2,28.696,28.902,29.109,5.699,5.739,5.781,-0.175,-0.164,-0.154,5.704,5.745,5.786,59.989,60.004,60.017,54
2023-06-22 11:58:00,198.1,198.8,199.3,28.696,28.902,29.097,5.696,5.74,5.777,-0.176,-0.164,-0.152,5.701,5.746,5.782,60.01,60.018,60.026,55
2023-06-22 11:59:00,198.3,198.8,199.3,28.696,28.891,29.097,5.702,5.739,5.784,-0.175,-0.164,-0.153,5.708,5.745,5.789,60.004,60.019,60.029,56
2023-06-22 12:00:00,198.3,198.8,199.4,28.673,28.902,29.109,5.702,5.741,5.786,-0.175,-0.164,-0.15,5.708,5.747,5.791,59.962,59.992,60.028,57
2023-06-22 12:01:00,198.2,198.8,199.3,28.673,28.891,29.097,5.688,5.739,5.777,-0.175,-0.164,-0.154,5.693,5.745,5.784,59.997,60.007,60.015,58
2023-06-22 12:02:00,197.9,198.7,199.2,28.673,28.891,29.097,5.695,5.736,5.778,-0.175,-0.164,-0.151,5.701,5.742,5.784,59.999,60.008,60.019,59
2023-06-22 12:03:00,198.3,198.8,199.3,28.673,28.891,29.097,5.694,5.739,5.78,-0.175,-0.164,-0.154,5.7,5.745,5.785,59.984,60,60.025,60
2023-06-22 12:04:00,198,198.6,199.2,28.685,28.902,29.131,5.702,5.736,5.776,-0.176,-0.164,-0.153,5.708,5.742,5.781,59.987,60.003,60.014,61
2023-06-22 12:05:00,197.9,198.6,199.2,28.708,28.902,29.086,5.696,5.736,5.773,-0.176,-0.164,-0.152,5.702,5.742,5.78,59.982,59.996,60.008,62
2023-06-22 12:06:00,198.2,198.7,199.2,28.696,28.902,29.12,5.7,5.739,5.78,-0.177,-0.164,-0.151,5.706,5.745,5.786,59.988,60.001,60.01,63
2023-06-22 12:07:00,198.4,198.8,199.3,28.696,28.902,29.177,5.705,5.741,5.783,-0.174,-0.164,-0.151,5.709,5.748,5.788,59.979,59.994,60.007,64
2023-06-22 12:08:00,198.2,198.7,199.2,28.673,28.902,29.12,5.7,5.739,5.776,-0.175,-0.164,-0.151,5.705,5.745,5.783,59.975,59.989,60.003,65
2023-06-22 12:09:00,198.1,198.7,199.2,28.685,28.902,29.109,5.696,5.738,5.77,-0.174,-0.164,-0.153,5.703,5.744,5.776,59.976,59.986,59.999,66
2023-06-22 12:10:00,198.2,198.7,199.3,28.685,28.902,29.131,5.693,5.74,5.779,-0.176,-0.164,-0.151,5.698,5.746,5.784,59.963,59.977,59.99,67
2023-06-22 12:11:00,196.6,198.7,199.3,28.708,28.914,29.223,5.678,5.74,5.779,-0.182,-0.163,-0.153,5.683,5.746,5.784,59.979,59.994,60.007,68
2023-06-22 12:12:00,198.3,198.6,199.2,28.685,28.902,29.074,5.695,5.737,5.768,-0.174,-0.163,-0.151,5.701,5.743,5.774,59.976,59.991,60.006,69
2023-06-22 12:13:00,198.2,198.6,199.1,28.673,28.902,29.086,5.7,5.736,5.773,-0.174,-0.163,-0.151,5.707,5.742,5.779,59.986,59.994,60.003,70
2023-06-22 12:14:00,198.1,198.6,199.2,28.696,28.914,29.109,5.692,5.738,5.779,-0.174,-0.163,-0.152,5.699,5.744,5.785,59.984,59.99,60,71
2023-06-22 12:15:00,198.3,198.7,199.3,28.708,28.914,29.109,5.7,5.741,5.779,-0.176,-0.164,-0.153,5.707,5.747,5.784,59.978,59.987,59.998,72
2023-06-22 12:16:00,198.1,198.7,199.2,28.662,28.902,29.12,5.697,5.739,5.777,-0.175,-0.164,-0.153,5.703,5.745,5.782,59.976,59.991,60.005,73
2023-06-22 12:17:00,198.2,198.7,199.2,28.708,28.925,29.131,5.705,5.744,5.787,-0.175,-0.163,-0.151,5.71,5.75,5.794,59.969,59.977,59.989,74
2023-06-22 12:18:00,198.3,198.7,199.3,28.696,28.902,29.12,5.695,5.741,5.78,-0.174,-0.164,-0.152,5.701,5.747,5.785,59.964,59.975,59.986,75
2023-06-22 12:19:00,198.1,198.6,199.2,28.673,28.902,29.086,5.69,5.736,5.772,-0.177,-0.164,-0.152,5.697,5.742,5.778,59.961,59.971,59.98,76
2023-06-22 12:20:00,198.1,199.4,201,28.582,28.891,29.086,5.681,5.759,5.819,-0.18,-0.166,-0.15,5.687,5.765,5.825,59.954,59.969,59.973,77
2023-06-22 12:21:00,197.5,199.2,200.8,28.708,28.902,29.143,5.672,5.752,5.82,-0.179,-0.167,-0.15,5.677,5.758,5.827,59.967,59.975,59.99,78
2023-06-22 12:22:00,197.4,198,198.6,28.639,28.902,29.074,5.664,5.717,5.752,-0.176,-0.165,-0.153,5.671,5.723,5.759,59.967,59.979,59.988,79
2023-06-22 12:23:00,197.5,198,198.6,28.708,28.914,29.131,5.672,5.719,5.768,-0.176,-0.164,-0.15,5.677,5.725,5.774,59.977,59.987,59.998,80
2023-06-22 12:24:00,197.6,198.1,198.7,28.708,28.914,29.109,5.68,5.722,5.764,-0.176,-0.164,-0.151,5.685,5.728,5.769,59.97,59.981,59.993,81
2023-06-22 12:25:00,197.8,198.3,198.8,28.662,28.902,29.143,5.685,5.726,5.767,-0.176,-0.164,-0.149,5.689,5.732,5.773,59.971,59.98,59.991,82
2023-06-22 12:26:00,197.8,198.2,198.7,28.639,28.902,29.154,5.684,5.725,5.756,-0.177,-0.164,-0.152,5.691,5.731,5.762,59.967,59.976,59.983,83
2023-06-22 12:27:00,197.8,198.2,198.8,28.673,28.879,29.097,5.682,5.721,5.76,-0.176,-0.165,-0.15,5.688,5.727,5.767,59.977,59.984,59.992,84
2023-06-22 12:28:00,197.8,198.2,198.8,28.673,28.902,29.097,5.678,5.724,5.757,-0.176,-0.164,-0.152,5.683,5.73,5.765,59.971,59.985,59.997,85
2023-06-22 12:29:00,192.3,198.3,199.1,28.57,28.902,29.693,5.583,5.727,5.769,-0.208,-0.164,-0.15,5.589,5.733,5.774,59.981,59.993,60.011,86
2023-06-22 12:30:00,197.8,198.3,198.7,28.673,28.902,29.097,5.685,5.726,5.762,-0.175,-0.164,-0.153,5.691,5.732,5.767,59.978,59.993,60.01,87
2023-06-22 12:31:00,197.9,198.4,198.8,28.685,28.902,29.086,5.693,5.727,5.761,-0.176,-0.164,-0.152,5.698,5.733,5.767,59.978,59.993,60.008,88
2023-06-22 12:32:00,197.8,198.3,198.9,28.662,28.902,29.12,5.685,5.726,5.767,-0.178,-0.164,-0.152,5.69,5.732,5.773,59.969,59.988,60.003,89
2023-06-22 12:33:00,197.9,198.3,198.8,28.696,28.902,29.086,5.688,5.727,5.766,-0.176,-0.164,-0.152,5.693,5.733,5.77,59.988,59.995,60.003,90
2023-06-22 12:34:00,197.8,198.2,198.7,28.685,28.902,29.074,5.684,5.723,5.758,-0.177,-0.164,-0.149,5.689,5.729,5.765,59.982,59.993,60.003,91
2023-06-22 12:35:00,197.5,198,198.5,28.65,28.891,29.109,5.674,5.718,5.753,-0.177,-0.164,-0.154,5.681,5.724,5.76,59.975,59.988,60.002,92
2023-06-22 12:36:00,197.6,198.1,198.7,28.696,28.902,29.12,5.679,5.721,5.763,-0.176,-0.164,-0.152,5.686,5.727,5.769,59.978,59.992,60.007,93
2023-06-22 12:37:00,197.6,198.1,198.7,28.696,28.902,29.086,5.679,5.721,5.759,-0.176,-0.164,-0.152,5.683,5.727,5.764,59.992,60.008,60.017,94
2023-06-22 12:38:00,197.6,198.2,198.8,28.673,28.891,29.086,5.68,5.722,5.766,-0.176,-0.164,-0.152,5.687,5.728,5.771,59.993,60.008,60.016,95
2023-06-22 12:39:00,197.5,198.2,198.8,28.696,28.902,29.086,5.681,5.724,5.765,-0.175,-0.164,-0.151,5.687,5.73,5.77,60.009,60.017,60.027,96
2023-06-22 12:40:00,197.3,198,198.6,28.708,28.902,29.131,5.679,5.718,5.756,-0.179,-0.165,-0.154,5.684,5.724,5.761,60.006,60.011,60.017,97
2023-06-22 12:41:00,195.4,197.8,198.4,28.685,28.902,29.235,5.65,5.712,5.752,-0.178,-0.165,-0.153,5.656,5.718,5.757,59.994,60.013,60.031,98
2023-06-22 12:42:00,197.4,198,198.6,28.662,28.914,29.097,5.666,5.718,5.759,-0.179,-0.165,-0.152,5.671,5.724,5.764,60.011,60.022,60.037,99
2023-06-22 12:43:00,197.5,197.9,198.5,28.696,28.914,29.109,5.679,5.717,5.753,-0.179,-0.165,-0.153,5.686,5.724,5.759,60.003,60.012,60.022,100
2023-06-22 12:44:00,197.4,197.9,198.5,28.708,28.902,29.143,5.679,5.714,5.751,-0.177,-0.165,-0.152,5.684,5.72,5.758,60.007,60.019,60.032,101
2023-06-22 12:45:00,197.4,197.9,198.4,28.719,28.914,29.097,5.68,5.717,5.752,-0.177,-0.165,-0.152,5.686,5.723,5.758,60.01,60.024,60.037,102
2023-06-22 12:46:00,197.3,197.8,198.3,28.673,28.914,29.097,5.67,5.714,5.751,-0.176,-0.165,-0.153,5.674,5.72,5.758,59.996,60.009,60.029,103
2023-06-22 12:47:00,197.4,197.9,198.4,28.673,28.902,29.097,5.674,5.715,5.759,-0.175,-0.164,-0.151,5.679,5.721,5.766,60.007,60.014,60.023,104
2023-06-22 12:48:00,197.3,197.7,198.3,28.685,28.902,29.109,5.671,5.711,5.748,-0.178,-0.164,-0.152,5.676,5.717,5.755,59.996,60.014,60.03,105
2023-06-22 12:49:00,197.4,197.8,198.3,28.708,28.902,29.131,5.675,5.713,5.756,-0.178,-0.164,-0.151,5.681,5.719,5.762,59.994,60.009,60.015,106
2023-06-22 12:50:00,197.4,197.8,198.3,28.673,28.914,29.131,5.665,5.713,5.753,-0.176,-0.164,-0.151,5.67,5.719,5.76,59.999,60.007,60.013,107
2023-06-22 12:51:00,197.4,197.9,198.5,28.627,28.902,29.097,5.678,5.716,5.749,-0.176,-0.164,-0.153,5.685,5.723,5.756,59.993,60.01,60.023,108
2023-06-22 12:52:00,197.3,197.8,198.4,28.673,28.902,29.097,5.673,5.714,5.751,-0.176,-0.164,-0.152,5.68,5.72,5.757,59.967,59.995,60.019,109
2023-06-22 12:53:00,197.6,197.9,198.4,28.685,28.914,29.131,5.678,5.717,5.754,-0.175,-0.164,-0.152,5.684,5.723,5.761,59.985,59.998,60.011,110
2023-06-22 12:54:00,197.3,197.8,198.4,28.685,28.925,29.143,5.672,5.718,5.757,-0.177,-0.164,-0.153,5.68,5.724,5.764,59.987,60.003,60.019,111
2023-06-22 12:55:00,197.4,197.8,198.3,28.719,28.925,29.12,5.679,5.717,5.75,-0.175,-0.164,-0.15,5.687,5.723,5.756,59.988,59.998,60.007,112
2023-06-22 12:56:00,197.1,197.8,198.4,28.662,28.914,29.097,5.666,5.713,5.747,-0.177,-0.164,-0.153,5.671,5.719,5.753,59.994,60.001,60.01,113
2023-06-22 12:57:00,197.3,197.8,198.4,28.685,28.902,29.109,5.677,5.713,5.752,-0.175,-0.164,-0.153,5.682,5.719,5.758,59.985,60.001,60.017,114
2023-06-22 12:58:00,197.1,197.7,198.3,28.685,28.914,29.097,5.671,5.71,5.751,-0.175,-0.163,-0.148,5.677,5.716,5.757,59.978,60,60.015,115
2023-06-22 12:59:00,197,197.8,198.3,28.708,28.902,29.109,5.66,5.712,5.755,-0.175,-0.164,-0.153,5.668,5.718,5.761,59.978,59.989,60.002,116
2023-06-22 13:00:00,197.1,197.8,198.5,28.696,28.914,29.143,5.666,5.715,5.764,-0.175,-0.163,-0.148,5.671,5.721,5.769,59.974,60.004,60.016,117
2023-06-22 13:01:00,197.3,197.8,198.4,28.673,28.914,29.097,5.665,5.714,5.752,-0.174,-0.164,-0.151,5.671,5.72,5.758,60.001,60.011,60.023,118
2023-06-22 13:02:00,197.3,197.7,198.4,28.673,28.902,29.109,5.665,5.709,5.754,-0.173,-0.163,-0.15,5.671,5.715,5.759,59.989,60.001,60.013,119
2023-06-22 13:03:00,197.3,197.7,198.3,28.673,28.891,29.12,5.659,5.71,5.753,-0.178,-0.163,-0.152,5.665,5.716,5.759,60,60.007,60.015,120
2023-06-22 13:04:00,197,197.6,198.2,28.696,28.902,29.12,5.664,5.704,5.754,-0.174,-0.163,-0.151,5.67,5.71,5.761,59.991,60.01,60.028,121
2023-06-22 13:05:00,197.2,197.8,198.3,28.719,28.914,29.097,5.673,5.712,5.75,-0.176,-0.163,-0.151,5.679,5.719,5.756,59.988,59.996,60.009,122
2023-06-22 13:06:00,197,197.6,198.1,28.685,28.914,29.143,5.665,5.707,5.745,-0.176,-0.163,-0.151,5.671,5.713,5.751,59.999,60.012,60.026,123
2023-06-22 13:07:00,197.1,197.5,198,28.696,28.914,29.12,5.67,5.707,5.743,-0.175,-0.163,-0.151,5.676,5.713,5.749,59.992,60.004,60.016,124
2023-06-22 13:08:00,197,197.5,198.2,28.719,28.914,29.097,5.665,5.705,5.748,-0.175,-0.162,-0.15,5.67,5.711,5.753,59.984,60.002,60.017,125
2023-06-22 13:09:00,197.2,197.7,198.2,28.696,28.914,29.166,5.669,5.71,5.759,-0.175,-0.163,-0.152,5.674,5.716,5.765,59.993,60.002,60.014,126
2023-06-22 13:10:00,197.2,197.6,198.1,28.673,28.902,29.12,5.663,5.709,5.743,-0.175,-0.163,-0.152,5.67,5.715,5.749,59.977,59.985,60,127
2023-06-22 13:11:00,197,197.6,198.2,28.662,28.902,29.109,5.666,5.706,5.745,-0.176,-0.162,-0.15,5.672,5.712,5.751,59.976,59.99,60.003,128
2023-06-22 13:12:00,197.1,197.6,198.2,28.662,28.914,29.12,5.661,5.71,5.755,-0.174,-0.162,-0.146,5.666,5.716,5.76,59.977,59.984,59.991,129
2023-06-22 13:13:00,197,197.6,198.1,28.673,28.902,29.131,5.662,5.706,5.753,-0.177,-0.162,-0.15,5.667,5.712,5.759,59.967,59.981,59.992,130
2023-06-22 13:14:00,196.8,197.4,198.1,28.696,28.891,29.074,5.659,5.698,5.739,-0.172,-0.162,-0.151,5.665,5.704,5.744,59.98,60,60.011,131
2023-06-22 13:15:00,196.8,197.3,197.9,28.673,28.902,29.086,5.651,5.698,5.736,-0.173,-0.161,-0.149,5.658,5.704,5.742,59.977,59.988,60.007,132
2023-06-22 13:16:00,196.6,197.3,197.9,28.685,28.902,29.097,5.652,5.697,5.739,-0.173,-0.161,-0.15,5.657,5.703,5.745,59.983,59.991,60.015,133
2023-06-22 13:17:00,196.7,197.3,197.8,28.685,28.902,29.086,5.65,5.698,5.737,-0.173,-0.161,-0.148,5.655,5.704,5.743,59.983,59.996,60.013,134
2023-06-22 13:18:00,196.7,197.3,197.9,28.673,28.902,29.109,5.647,5.697,5.734,-0.172,-0.161,-0.148,5.652,5.703,5.74,59.984,60.002,60.018,135
2023-06-22 13:19:00,196.8,197.3,198,28.708,28.914,29.109,5.655,5.7,5.741,-0.173,-0.161,-0.148,5.661,5.706,5.748,59.98,59.989,59.998,136
2023-06-22 13:20:00,197.1,197.4,197.9,28.685,28.914,29.12,5.668,5.704,5.743,-0.174,-0.161,-0.149,5.674,5.71,5.749,59.983,60.008,60.022,137
2023-06-22 13:21:00,196.6,197.4,198,28.696,28.914,29.131,5.647,5.703,5.749,-0.173,-0.16,-0.149,5.653,5.709,5.757,60.004,60.015,60.026,138
2023-06-22 13:22:00,197,197.4,198,28.696,28.902,29.109,5.658,5.701,5.737,-0.172,-0.161,-0.148,5.665,5.707,5.742,59.99,60.011,60.022,139
2023-06-22 13:23:00,197.1,197.5,198,28.673,28.914,29.166,5.665,5.706,5.746,-0.174,-0.161,-0.149,5.67,5.712,5.752,59.988,60,60.015,140
2023-06-22 13:24:00,197,197.5,198.1,28.696,28.914,29.12,5.666,5.707,5.743,-0.172,-0.161,-0.15,5.671,5.714,5.749,59.994,60.002,60.011,141
2023-06-22 13:25:00,197,197.5,198.1,28.673,28.914,29.109,5.667,5.706,5.745,-0.173,-0.161,-0.149,5.674,5.712,5.749,59.985,60.005,60.021,142
2023-06-22 13:26:00,197.2,197.6,198.1,28.719,28.914,29.109,5.668,5.707,5.745,-0.177,-0.161,-0.148,5.674,5.713,5.751,59.98,59.988,59.996,143
2023-06-22 13:27:00,197.1,197.6,198.1,28.685,28.914,29.12,5.674,5.709,5.746,-0.172,-0.161,-0.147,5.681,5.715,5.752,59.983,59.994,60.003,144
2023-06-22 13:28:00,197.2,197.6,198.3,28.685,28.902,29.109,5.666,5.707,5.745,-0.175,-0.161,-0.149,5.673,5.713,5.752,59.983,59.993,60.005,145
2023-06-22 13:29:00,197.2,197.7,198.1,28.696,28.902,29.097,5.668,5.708,5.748,-0.174,-0.161,-0.15,5.674,5.715,5.754,59.977,59.994,60.016,146
2023-06-22 13:30:00,197.4,197.8,198.5,28.65,28.891,29.097,5.663,5.712,5.75,-0.174,-0.161,-0.149,5.668,5.718,5.756,59.975,59.995,60.022,147
2023-06-22 13:31:00,197.3,197.8,198.4,28.673,28.914,29.097,5.664,5.714,5.754,-0.172,-0.161,-0.148,5.67,5.72,5.76,59.998,60.007,60.017,148
2023-06-22 13:32:00,197.2,197.7,198.3,28.696,28.891,29.086,5.662,5.707,5.745,-0.174,-0.161,-0.145,5.667,5.713,5.751,59.982,59.999,60.013,149
2023-06-22 13:33:00,197.3,197.7,198.2,28.673,28.902,29.12,5.664,5.709,5.746,-0.172,-0.161,-0.148,5.67,5.715,5.753,59.994,60.005,60.016,150
2023-06-22 13:34:00,197,197.7,198.3,28.696,28.902,29.086,5.669,5.708,5.746,-0.172,-0.161,-0.147,5.674,5.715,5.752,59.997,60.009,60.02,151
2023-06-22 13:35:00,197,197.4,198.1,28.662,28.891,29.12,5.654,5.7,5.741,-0.172,-0.16,-0.146,5.662,5.706,5.746,59.982,59.994,60.014,152
2023-06-22 13:36:00,196.8,197.5,198.1,28.662,28.891,29.109,5.655,5.703,5.743,-0.171,-0.16,-0.148,5.66,5.709,5.751,59.983,59.992,60.003,153
2023-06-22 13:37:00,197.2,197.7,198.1,28.673,28.891,29.109,5.666,5.707,5.747,-0.171,-0.16,-0.147,5.672,5.713,5.753,59.978,60,60.02,154
2023-06-22 13:38:00,196.9,197.7,198.2,28.662,28.902,29.097,5.666,5.708,5.744,-0.172,-0.16,-0.149,5.67,5.714,5.75,59.971,59.982,59.993,155
2023-06-22 13:39:00,197,197.6,198.2,28.673,28.902,29.109,5.665,5.705,5.739,-0.173,-0.159,-0.15,5.671,5.711,5.746,59.976,59.983,59.993,156
2023-06-22 13:40:00,197.1,197.6,198,28.673,28.891,29.086,5.661,5.702,5.736,-0.17,-0.16,-0.148,5.667,5.708,5.742,59.966,59.977,59.988,157
2023-06-22 13:41:00,197.1,197.5,197.9,28.696,28.891,29.086,5.663,5.701,5.739,-0.171,-0.16,-0.148,5.67,5.707,5.745,59.97,59.985,60,158
2023-06-22 13:42:00,196.9,197.3,197.9,28.65,28.902,29.12,5.654,5.697,5.747,-0.17,-0.159,-0.145,5.66,5.703,5.755,59.977,59.988,59.998,159
2023-06-22 13:43:00,197,197.6,198.1,28.673,28.902,29.086,5.658,5.704,5.74,-0.174,-0.16,-0.147,5.664,5.71,5.746,59.967,59.974,59.982,160
2023-06-22 13:44:00,196.8,197.3,197.9,28.685,28.891,29.097,5.645,5.695,5.733,-0.172,-0.159,-0.147,5.652,5.701,5.74,59.963,59.976,59.987,161
2023-06-22 13:45:00,197,197.5,198.1,28.696,28.902,29.109,5.66,5.703,5.739,-0.171,-0.159,-0.148,5.668,5.709,5.745,59.966,59.973,59.98,162
2023-06-22 13:46:00,197,197.4,198,28.65,28.891,29.109,5.653,5.7,5.733,-0.171,-0.159,-0.147,5.659,5.706,5.739,59.96,59.967,59.976,163
2023-06-22 13:47:00,197,197.5,198,28.696,28.891,29.086,5.662,5.702,5.741,-0.17,-0.159,-0.148,5.669,5.708,5.746,59.953,59.968,59.984,164
2023-06-22 13:48:00,196.7,197.2,197.7,28.65,28.891,29.12,5.649,5.693,5.734,-0.169,-0.158,-0.146,5.656,5.7,5.74,59.971,59.984,59.999,165
2023-06-22 13:49:00,196.8,197.3,197.9,28.65,28.902,29.131,5.66,5.697,5.736,-0.171,-0.158,-0.146,5.666,5.703,5.741,59.969,59.982,59.991,166
2023-06-22 13:50:00,196.7,197.2,197.9,28.662,28.891,29.097,5.649,5.694,5.735,-0.171,-0.158,-0.147,5.655,5.701,5.742,59.96,59.975,59.989,167
2023-06-22 13:51:00,196.9,197.3,197.8,28.685,28.902,29.12,5.652,5.697,5.735,-0.17,-0.158,-0.148,5.659,5.703,5.741,59.971,59.987,60.003,168
2023-06-22 13:52:00,196.6,197.2,197.8,28.65,28.902,29.109,5.658,5.697,5.739,-0.169,-0.158,-0.145,5.663,5.703,5.745,59.972,59.99,60.005,169
2023-06-22 13:53:00,196.8,197.3,198,28.673,28.914,29.097,5.661,5.7,5.739,-0.171,-0.158,-0.147,5.668,5.706,5.746,59.989,60.001,60.01,170
2023-06-22 13:54:00,196.6,197.3,197.9,28.685,28.914,29.131,5.644,5.701,5.749,-0.17,-0.158,-0.148,5.65,5.707,5.754,59.995,60.005,60.012,171
2023-06-22 13:55:00,197,197.4,198,28.685,28.902,29.109,5.651,5.703,5.74,-0.171,-0.159,-0.148,5.659,5.709,5.747,60,60.01,60.02,172
2023-06-22 13:56:00,197,197.4,197.9,28.685,28.914,29.12,5.656,5.703,5.741,-0.171,-0.159,-0.146,5.663,5.709,5.746,59.999,60.009,60.02,173
2023-06-22 13:57:00,197,197.6,198,28.708,28.902,29.12,5.667,5.704,5.741,-0.172,-0.159,-0.148,5.672,5.71,5.746,59.987,60.001,60.017,174
2023-06-22 13:58:00,197.2,197.7,198.2,28.696,28.902,29.131,5.671,5.709,5.755,-0.174,-0.16,-0.146,5.677,5.715,5.761,60.002,60.015,60.029,175
2023-06-22 13:59:00,197.3,197.8,198.4,28.685,28.902,29.097,5.666,5.71,5.748,-0.17,-0.159,-0.149,5.673,5.717,5.754,60.004,60.01,60.02,176
2023-06-22 14:00:00,197.1,197.6,198.3,28.685,28.902,29.143,5.665,5.706,5.751,-0.175,-0.159,-0.148,5.672,5.713,5.759,60.001,60.011,60.022,177
2023-06-22 14:01:00,197.2,197.6,198.2,28.685,28.891,29.086,5.663,5.706,5.742,-0.171,-0.159,-0.148,5.671,5.712,5.749,59.999,60.011,60.025,178
2023-06-22 14:02:00,196.9,197.5,198.2,28.719,28.902,29.074,5.666,5.704,5.74,-0.171,-0.159,-0.148,5.671,5.71,5.746,60.003,60.017,60.026,179
2023-06-22 14:03:00,197.2,197.7,198.2,28.616,28.902,29.131,5.67,5.709,5.748,-0.171,-0.159,-0.147,5.677,5.716,5.754,59.985,60.005,60.02,180
2023-06-22 14:04:00,197.1,197.6,198.1,28.685,28.902,29.097,5.668,5.706,5.745,-0.171,-0.159,-0.145,5.674,5.712,5.751,59.982,60,60.025,181
2023-06-22 14:05:00,197.1,197.4,197.9,28.673,28.902,29.109,5.659,5.703,5.742,-0.171,-0.159,-0.148,5.666,5.709,5.749,59.976,59.988,59.995,182
2023-06-22 14:06:00,196.9,197.4,198,28.685,28.902,29.143,5.658,5.703,5.742,-0.17,-0.159,-0.146,5.665,5.709,5.748,59.963,59.979,59.994,183
2023-06-22 14:07:00,197,197.5,198,28.685,28.914,29.097,5.662,5.705,5.743,-0.169,-0.159,-0.147,5.668,5.711,5.749,59.968,59.985,60.002,184
2023-06-22 14:08:00,196.8,197.3,197.9,28.719,28.902,29.097,5.655,5.698,5.737,-0.171,-0.158,-0.147,5.661,5.704,5.744,59.983,59.992,60.003,185
2023-06-22 14:09:00,197.1,197.5,198,28.65,28.902,29.097,5.658,5.702,5.741,-0.171,-0.159,-0.144,5.663,5.708,5.747,59.994,60.001,60.011,186
2023-06-22 14:10:00,196.8,197.4,198,28.627,28.891,29.109,5.656,5.699,5.735,-0.171,-0.159,-0.148,5.663,5.705,5.741,59.989,60.002,60.01,187
2023-06-22 14:11:00,196.5,197.3,197.9,28.662,28.891,29.097,5.64,5.697,5.737,-0.171,-0.159,-0.146,5.645,5.703,5.743,59.988,59.998,60.011,188
2023-06-22 14:12:00,196.9,197.4,198,28.696,28.902,29.097,5.664,5.702,5.746,-0.172,-0.159,-0.147,5.67,5.708,5.752,59.973,59.996,60.019,189
2023-06-22 14:13:00,196.9,197.6,198.1,28.673,28.902,29.097,5.657,5.704,5.745,-0.172,-0.159,-0.147,5.662,5.71,5.75,59.999,60.008,60.017,190
2023-06-22 14:14:00,197,197.5,198,28.696,28.891,29.097,5.666,5.702,5.74,-0.171,-0.159,-0.147,5.672,5.708,5.747,59.998,60.006,60.017,191
2023-06-22 14:15:00,197,197.5,198.1,28.673,28.891,29.109,5.658,5.7,5.744,-0.17,-0.159,-0.147,5.663,5.706,5.749,59.988,59.994,60.002,192
2023-06-22 14:16:00,197.1,197.5,198,28.685,28.879,29.097,5.661,5.7,5.741,-0.172,-0.16,-0.148,5.667,5.706,5.747,59.987,59.994,59.999,193
2023-06-22 14:17:00,197.1,197.4,198,28.616,28.879,29.12,5.65,5.698,5.746,-0.171,-0.159,-0.147,5.656,5.704,5.753,59.988,59.999,60.011,194
2023-06-22 14:18:00,197.1,197.4,198,28.65,28.891,29.143,5.66,5.7,5.746,-0.172,-0.159,-0.147,5.665,5.706,5.752,59.985,59.996,60.008,195
2023-06-22 14:19:00,196.6,197.5,198.1,28.65,28.879,29.074,5.658,5.7,5.738,-0.172,-0.16,-0.149,5.663,5.706,5.745,59.987,59.995,60.002,196
2023-06-22 14:20:00,197,197.6,198.1,28.696,28.891,29.086,5.658,5.703,5.74,-0.172,-0.16,-0.145,5.664,5.709,5.746,59.989,60,60.007,197
2023-06-22 14:21:00,196.9,197.4,198.1,28.65,28.891,29.109,5.657,5.698,5.744,-0.172,-0.159,-0.149,5.663,5.705,5.75,59.985,60.001,60.019,198
2023-06-22 14:22:00,197,197.5,198.1,28.696,28.891,29.086,5.661,5.701,5.743,-0.173,-0.16,-0.148,5.667,5.708,5.75,59.976,59.998,60.027,199
2023-06-22 14:23:00,197.2,197.6,198,28.662,28.902,29.143,5.661,5.705,5.755,-0.17,-0.16,-0.146,5.668,5.711,5.761,59.984,59.995,60.005,200
2023-06-22 14:24:00,197,197.6,198.2,28.685,28.902,29.131,5.663,5.707,5.75,-0.172,-0.16,-0.148,5.668,5.714,5.756,59.978,59.992,60.002,201
2023-06-22 14:25:00,0,57.3,208.9,0,8.282,29.12,-0.015,1.635,5.74,-0.35,-0.046,0,0,1.637,5.748,59.977,59.982,59.984,202
2023-06-22 14:26:00,0.1,0.1,0.1,0,0,0,0,0,0,0,0,0,0,0,0,59.984,59.984,59.984,203
